{"cameraMode":{"drawMode":0,"name":"Shaded","section":"Shading Mode"},"sceneLighting":true,"audioPlay":false,"sceneViewState":{"m_AlwaysRefresh":false,"showFog":true,"showSkybox":true,"showFlares":true,"showImageEffects":true,"showParticleSystems":true,"showVisualEffectGraphs":true,"m_FxEnabled":true},"in2DMode":false,"pivot":{"x":6.420194149017334,"y":0.7512849569320679,"z":10.872220993041993},"rotation":{"x":-0.09433471411466599,"y":0.8172123432159424,"z":-0.1398555338382721,"w":-0.5511677861213684},"size":11.797357559204102,"orthographic":true}